MatchId,BotType,Result,TimeMs,TotalClicks
0001,RandomBot,DEFEAT,3,10
0002,RandomBot,DEFEAT,0,7
0003,RandomBot,DEFEAT,0,5
0004,RandomBot,DEFEAT,0,3
0005,RandomBot,DEFEAT,1,6
0006,RandomBot,DEFEAT,0,3
0007,RandomBot,DEFEAT,0,2
0008,RandomBot,DEFEAT,0,6
0009,RandomBot,DEFEAT,0,4
0010,RandomBot,DEFEAT,0,2
0011,RandomBot,DEFEAT,0,3
0012,RandomBot,DEFEAT,0,4
0013,RandomBot,DEFEAT,0,3
0014,RandomBot,DEFEAT,0,1
0015,RandomBot,DEFEAT,1,2
0016,RandomBot,DEFEAT,0,4
0017,RandomBot,DEFEAT,0,7
0018,RandomBot,DEFEAT,0,8
0019,RandomBot,DEFEAT,1,6
0020,RandomBot,DEFEAT,0,1
0021,RandomBot,DEFEAT,0,7
0022,RandomBot,DEFEAT,0,7
0023,RandomBot,DEFEAT,0,5
0024,RandomBot,VICTORY,0,7
0025,RandomBot,DEFEAT,0,3
0026,RandomBot,DEFEAT,0,4
0027,RandomBot,DEFEAT,0,4
0028,RandomBot,DEFEAT,0,6
0029,RandomBot,DEFEAT,0,7
0030,RandomBot,DEFEAT,0,3
0031,RandomBot,DEFEAT,0,2
0032,RandomBot,DEFEAT,0,5
0033,RandomBot,DEFEAT,0,2
0034,RandomBot,DEFEAT,0,5
0035,RandomBot,DEFEAT,0,1
0036,RandomBot,DEFEAT,0,6
0037,RandomBot,DEFEAT,0,12
0038,RandomBot,DEFEAT,0,6
0039,RandomBot,DEFEAT,0,1
0040,RandomBot,DEFEAT,0,4
0041,RandomBot,DEFEAT,0,3
0042,RandomBot,DEFEAT,0,7
0043,RandomBot,DEFEAT,0,5
0044,RandomBot,DEFEAT,0,4
0045,RandomBot,DEFEAT,0,3
0046,RandomBot,DEFEAT,0,3
0047,RandomBot,DEFEAT,0,4
0048,RandomBot,DEFEAT,0,3
0049,RandomBot,DEFEAT,0,4
0050,RandomBot,DEFEAT,0,4
0051,RandomBot,DEFEAT,0,5
0052,RandomBot,DEFEAT,0,5
0053,RandomBot,DEFEAT,0,4
0054,RandomBot,DEFEAT,0,3
0055,RandomBot,DEFEAT,0,6
0056,RandomBot,DEFEAT,0,4
0057,RandomBot,DEFEAT,0,6
0058,RandomBot,DEFEAT,0,1
0059,RandomBot,DEFEAT,0,9
0060,RandomBot,DEFEAT,0,5
0061,RandomBot,DEFEAT,0,5
0062,RandomBot,DEFEAT,0,2
0063,RandomBot,DEFEAT,0,3
0064,RandomBot,DEFEAT,0,4
0065,RandomBot,DEFEAT,0,3
0066,RandomBot,DEFEAT,0,4
0067,RandomBot,DEFEAT,0,6
0068,RandomBot,DEFEAT,0,2
0069,RandomBot,DEFEAT,0,3
0070,RandomBot,DEFEAT,0,1
0071,RandomBot,DEFEAT,0,11
0072,RandomBot,DEFEAT,0,6
0073,RandomBot,DEFEAT,0,5
0074,RandomBot,DEFEAT,0,4
0075,RandomBot,DEFEAT,0,2
0076,RandomBot,DEFEAT,0,1
0077,RandomBot,DEFEAT,0,11
0078,RandomBot,DEFEAT,0,1
0079,RandomBot,DEFEAT,0,5
0080,RandomBot,DEFEAT,0,12
0081,RandomBot,DEFEAT,0,5
0082,RandomBot,DEFEAT,0,10
0083,RandomBot,DEFEAT,0,5
0084,RandomBot,DEFEAT,0,5
0085,RandomBot,DEFEAT,1,3
0086,RandomBot,DEFEAT,0,6
0087,RandomBot,DEFEAT,0,6
0088,RandomBot,DEFEAT,0,2
0089,RandomBot,DEFEAT,0,3
0090,RandomBot,DEFEAT,0,6
0091,RandomBot,DEFEAT,0,8
0092,RandomBot,DEFEAT,0,4
0093,RandomBot,DEFEAT,0,2
0094,RandomBot,DEFEAT,0,5
0095,RandomBot,DEFEAT,0,3
0096,RandomBot,DEFEAT,0,10
0097,RandomBot,DEFEAT,0,5
0098,RandomBot,DEFEAT,0,4
0099,RandomBot,DEFEAT,0,3
0100,RandomBot,DEFEAT,0,2
0101,RandomBot,DEFEAT,0,2
0102,RandomBot,DEFEAT,0,4
0103,RandomBot,DEFEAT,0,5
0104,RandomBot,DEFEAT,0,4
0105,RandomBot,DEFEAT,0,1
0106,RandomBot,DEFEAT,0,3
0107,RandomBot,DEFEAT,0,4
0108,RandomBot,DEFEAT,0,7
0109,RandomBot,DEFEAT,0,3
0110,RandomBot,DEFEAT,0,1
0111,RandomBot,DEFEAT,0,4
0112,RandomBot,DEFEAT,0,4
0113,RandomBot,DEFEAT,0,4
0114,RandomBot,DEFEAT,0,8
0115,RandomBot,DEFEAT,1,2
0116,RandomBot,DEFEAT,0,5
0117,RandomBot,DEFEAT,0,2
0118,RandomBot,DEFEAT,0,4
0119,RandomBot,DEFEAT,0,3
0120,RandomBot,DEFEAT,0,2
0121,RandomBot,DEFEAT,0,3
0122,RandomBot,DEFEAT,0,7
0123,RandomBot,VICTORY,0,1
0124,RandomBot,DEFEAT,0,6
0125,RandomBot,DEFEAT,0,8
0126,RandomBot,DEFEAT,0,5
0127,RandomBot,DEFEAT,0,2
0128,RandomBot,DEFEAT,1,7
0129,RandomBot,DEFEAT,0,5
0130,RandomBot,DEFEAT,0,6
0131,RandomBot,DEFEAT,0,4
0132,RandomBot,DEFEAT,0,3
0133,RandomBot,DEFEAT,0,4
0134,RandomBot,DEFEAT,0,5
0135,RandomBot,DEFEAT,0,2
0136,RandomBot,DEFEAT,0,3
0137,RandomBot,DEFEAT,0,5
0138,RandomBot,DEFEAT,0,4
0139,RandomBot,DEFEAT,0,2
0140,RandomBot,DEFEAT,0,7
0141,RandomBot,DEFEAT,0,4
0142,RandomBot,DEFEAT,0,2
0143,RandomBot,DEFEAT,0,1
0144,RandomBot,DEFEAT,0,3
0145,RandomBot,DEFEAT,0,2
0146,RandomBot,DEFEAT,0,3
0147,RandomBot,DEFEAT,0,2
0148,RandomBot,DEFEAT,0,6
0149,RandomBot,DEFEAT,0,6
0150,RandomBot,DEFEAT,0,2
0151,RandomBot,DEFEAT,0,1
0152,RandomBot,DEFEAT,0,3
0153,RandomBot,DEFEAT,0,2
0154,RandomBot,DEFEAT,0,4
0155,RandomBot,DEFEAT,0,2
0156,RandomBot,DEFEAT,0,2
0157,RandomBot,DEFEAT,0,2
0158,RandomBot,DEFEAT,0,3
0159,RandomBot,DEFEAT,0,1
0160,RandomBot,DEFEAT,0,2
0161,RandomBot,DEFEAT,0,4
0162,RandomBot,DEFEAT,0,1
0163,RandomBot,DEFEAT,0,1
0164,RandomBot,DEFEAT,0,1
0165,RandomBot,DEFEAT,0,1
0166,RandomBot,DEFEAT,0,5
0167,RandomBot,DEFEAT,0,1
0168,RandomBot,DEFEAT,0,6
0169,RandomBot,DEFEAT,0,3
0170,RandomBot,DEFEAT,0,4
0171,RandomBot,DEFEAT,0,1
0172,RandomBot,DEFEAT,0,3
0173,RandomBot,DEFEAT,0,3
0174,RandomBot,DEFEAT,0,3
0175,RandomBot,DEFEAT,0,4
0176,RandomBot,DEFEAT,0,7
0177,RandomBot,DEFEAT,0,7
0178,RandomBot,DEFEAT,0,6
0179,RandomBot,DEFEAT,0,3
0180,RandomBot,DEFEAT,0,5
0181,RandomBot,DEFEAT,0,4
0182,RandomBot,DEFEAT,0,5
0183,RandomBot,DEFEAT,0,4
0184,RandomBot,DEFEAT,0,8
0185,RandomBot,DEFEAT,0,2
0186,RandomBot,DEFEAT,0,5
0187,RandomBot,DEFEAT,0,4
0188,RandomBot,DEFEAT,0,3
0189,RandomBot,DEFEAT,1,6
0190,RandomBot,VICTORY,0,6
0191,RandomBot,DEFEAT,0,3
0192,RandomBot,DEFEAT,0,4
0193,RandomBot,DEFEAT,0,4
0194,RandomBot,DEFEAT,0,11
0195,RandomBot,DEFEAT,0,2
0196,RandomBot,DEFEAT,0,4
0197,RandomBot,DEFEAT,0,5
0198,RandomBot,DEFEAT,0,2
0199,RandomBot,DEFEAT,0,3
0200,RandomBot,DEFEAT,0,2
0201,RandomBot,DEFEAT,0,4
0202,RandomBot,DEFEAT,0,7
0203,RandomBot,DEFEAT,0,7
0204,RandomBot,DEFEAT,0,13
0205,RandomBot,DEFEAT,0,1
0206,RandomBot,DEFEAT,0,4
0207,RandomBot,DEFEAT,0,1
0208,RandomBot,DEFEAT,0,6
0209,RandomBot,DEFEAT,0,6
0210,RandomBot,DEFEAT,0,2
0211,RandomBot,DEFEAT,0,4
0212,RandomBot,DEFEAT,0,4
0213,RandomBot,DEFEAT,0,4
0214,RandomBot,DEFEAT,0,4
0215,RandomBot,DEFEAT,0,2
0216,RandomBot,DEFEAT,0,4
0217,RandomBot,DEFEAT,0,3
0218,RandomBot,DEFEAT,0,8
0219,RandomBot,DEFEAT,0,4
0220,RandomBot,DEFEAT,0,2
0221,RandomBot,DEFEAT,0,6
0222,RandomBot,DEFEAT,0,1
0223,RandomBot,DEFEAT,0,5
0224,RandomBot,DEFEAT,0,8
0225,RandomBot,DEFEAT,0,2
0226,RandomBot,DEFEAT,0,1
0227,RandomBot,DEFEAT,0,9
0228,RandomBot,DEFEAT,0,4
0229,RandomBot,DEFEAT,0,9
0230,RandomBot,DEFEAT,1,4
0231,RandomBot,DEFEAT,0,5
0232,RandomBot,DEFEAT,0,9
0233,RandomBot,DEFEAT,0,4
0234,RandomBot,DEFEAT,0,3
0235,RandomBot,DEFEAT,0,2
0236,RandomBot,DEFEAT,0,3
0237,RandomBot,DEFEAT,0,5
0238,RandomBot,DEFEAT,0,3
0239,RandomBot,DEFEAT,0,11
0240,RandomBot,DEFEAT,0,5
0241,RandomBot,DEFEAT,0,5
0242,RandomBot,DEFEAT,0,7
0243,RandomBot,DEFEAT,0,4
0244,RandomBot,DEFEAT,0,4
0245,RandomBot,VICTORY,0,3
0246,RandomBot,DEFEAT,0,6
0247,RandomBot,DEFEAT,0,5
0248,RandomBot,DEFEAT,0,3
0249,RandomBot,DEFEAT,0,2
0250,RandomBot,DEFEAT,0,4
0251,RandomBot,VICTORY,0,1
0252,RandomBot,DEFEAT,0,6
0253,RandomBot,DEFEAT,0,8
0254,RandomBot,DEFEAT,0,3
0255,RandomBot,DEFEAT,0,9
0256,RandomBot,DEFEAT,0,4
0257,RandomBot,DEFEAT,0,1
0258,RandomBot,DEFEAT,0,2
0259,RandomBot,DEFEAT,0,4
0260,RandomBot,DEFEAT,0,4
0261,RandomBot,DEFEAT,0,3
0262,RandomBot,DEFEAT,0,6
0263,RandomBot,DEFEAT,0,2
0264,RandomBot,DEFEAT,0,3
0265,RandomBot,DEFEAT,0,2
0266,RandomBot,DEFEAT,0,6
0267,RandomBot,DEFEAT,0,2
0268,RandomBot,DEFEAT,0,4
0269,RandomBot,DEFEAT,0,3
0270,RandomBot,DEFEAT,0,2
0271,RandomBot,DEFEAT,0,8
0272,RandomBot,DEFEAT,0,5
0273,RandomBot,DEFEAT,0,2
0274,RandomBot,DEFEAT,0,2
0275,RandomBot,DEFEAT,0,1
0276,RandomBot,DEFEAT,0,3
0277,RandomBot,DEFEAT,0,7
0278,RandomBot,DEFEAT,0,1
0279,RandomBot,DEFEAT,0,2
0280,RandomBot,DEFEAT,0,2
0281,RandomBot,DEFEAT,0,6
0282,RandomBot,DEFEAT,0,6
0283,RandomBot,DEFEAT,0,1
0284,RandomBot,DEFEAT,0,4
0285,RandomBot,DEFEAT,0,2
0286,RandomBot,DEFEAT,0,3
0287,RandomBot,DEFEAT,0,6
0288,RandomBot,DEFEAT,0,4
0289,RandomBot,DEFEAT,0,2
0290,RandomBot,DEFEAT,0,4
0291,RandomBot,DEFEAT,0,1
0292,RandomBot,DEFEAT,0,3
0293,RandomBot,DEFEAT,0,7
0294,RandomBot,DEFEAT,0,7
0295,RandomBot,DEFEAT,0,3
0296,RandomBot,DEFEAT,0,4
0297,RandomBot,DEFEAT,0,5
0298,RandomBot,DEFEAT,0,8
0299,RandomBot,DEFEAT,0,8
0300,RandomBot,DEFEAT,0,2
0301,RandomBot,DEFEAT,0,1
0302,RandomBot,DEFEAT,0,5
0303,RandomBot,DEFEAT,0,5
0304,RandomBot,DEFEAT,0,1
0305,RandomBot,DEFEAT,0,3
0306,RandomBot,DEFEAT,0,2
0307,RandomBot,VICTORY,0,2
0308,RandomBot,DEFEAT,0,1
0309,RandomBot,DEFEAT,0,12
0310,RandomBot,DEFEAT,0,10
0311,RandomBot,DEFEAT,0,5
0312,RandomBot,DEFEAT,0,5
0313,RandomBot,DEFEAT,0,8
0314,RandomBot,DEFEAT,0,4
0315,RandomBot,DEFEAT,0,3
0316,RandomBot,DEFEAT,0,5
0317,RandomBot,DEFEAT,0,6
0318,RandomBot,DEFEAT,0,6
0319,RandomBot,DEFEAT,0,3
0320,RandomBot,DEFEAT,0,2
0321,RandomBot,DEFEAT,0,4
0322,RandomBot,DEFEAT,0,4
0323,RandomBot,DEFEAT,0,3
0324,RandomBot,DEFEAT,0,3
0325,RandomBot,DEFEAT,0,8
0326,RandomBot,DEFEAT,0,1
0327,RandomBot,DEFEAT,0,2
0328,RandomBot,DEFEAT,0,2
0329,RandomBot,DEFEAT,0,2
0330,RandomBot,DEFEAT,0,5
0331,RandomBot,DEFEAT,0,4
0332,RandomBot,DEFEAT,0,3
0333,RandomBot,DEFEAT,0,1
0334,RandomBot,DEFEAT,0,3
0335,RandomBot,DEFEAT,0,3
0336,RandomBot,DEFEAT,0,2
0337,RandomBot,DEFEAT,0,3
0338,RandomBot,VICTORY,1,7
0339,RandomBot,DEFEAT,0,3
0340,RandomBot,DEFEAT,0,1
0341,RandomBot,DEFEAT,0,4
0342,RandomBot,DEFEAT,0,5
0343,RandomBot,DEFEAT,0,10
0344,RandomBot,DEFEAT,0,9
0345,RandomBot,DEFEAT,0,5
0346,RandomBot,DEFEAT,0,2
0347,RandomBot,DEFEAT,0,13
0348,RandomBot,DEFEAT,0,2
0349,RandomBot,DEFEAT,0,2
0350,RandomBot,DEFEAT,0,6
0351,RandomBot,DEFEAT,0,4
0352,RandomBot,DEFEAT,0,4
0353,RandomBot,DEFEAT,0,1
0354,RandomBot,DEFEAT,0,3
0355,RandomBot,DEFEAT,0,3
0356,RandomBot,DEFEAT,0,8
0357,RandomBot,DEFEAT,0,4
0358,RandomBot,DEFEAT,0,4
0359,RandomBot,DEFEAT,0,2
0360,RandomBot,DEFEAT,0,2
0361,RandomBot,DEFEAT,0,2
0362,RandomBot,DEFEAT,0,3
0363,RandomBot,DEFEAT,0,4
0364,RandomBot,DEFEAT,0,1
0365,RandomBot,DEFEAT,0,2
0366,RandomBot,DEFEAT,0,3
0367,RandomBot,DEFEAT,0,7
0368,RandomBot,DEFEAT,0,2
0369,RandomBot,DEFEAT,0,8
0370,RandomBot,DEFEAT,0,1
0371,RandomBot,DEFEAT,0,2
0372,RandomBot,DEFEAT,0,1
0373,RandomBot,DEFEAT,0,3
0374,RandomBot,DEFEAT,0,3
0375,RandomBot,DEFEAT,0,5
0376,RandomBot,DEFEAT,1,2
0377,RandomBot,DEFEAT,0,5
0378,RandomBot,DEFEAT,0,1
0379,RandomBot,DEFEAT,0,4
0380,RandomBot,DEFEAT,0,5
0381,RandomBot,DEFEAT,0,2
0382,RandomBot,DEFEAT,0,2
0383,RandomBot,DEFEAT,0,3
0384,RandomBot,DEFEAT,0,3
0385,RandomBot,DEFEAT,0,2
0386,RandomBot,DEFEAT,0,1
0387,RandomBot,DEFEAT,0,3
0388,RandomBot,DEFEAT,0,2
0389,RandomBot,DEFEAT,0,3
0390,RandomBot,DEFEAT,0,2
0391,RandomBot,DEFEAT,0,3
0392,RandomBot,DEFEAT,0,3
0393,RandomBot,DEFEAT,0,2
0394,RandomBot,DEFEAT,0,2
0395,RandomBot,DEFEAT,0,3
0396,RandomBot,DEFEAT,0,2
0397,RandomBot,DEFEAT,0,8
0398,RandomBot,DEFEAT,0,8
0399,RandomBot,DEFEAT,0,8
0400,RandomBot,DEFEAT,0,2
0401,RandomBot,DEFEAT,0,3
0402,RandomBot,DEFEAT,0,4
0403,RandomBot,DEFEAT,0,3
0404,RandomBot,DEFEAT,0,3
0405,RandomBot,DEFEAT,0,2
0406,RandomBot,DEFEAT,0,3
0407,RandomBot,DEFEAT,0,2
0408,RandomBot,DEFEAT,0,3
0409,RandomBot,DEFEAT,0,4
0410,RandomBot,DEFEAT,0,8
0411,RandomBot,DEFEAT,0,5
0412,RandomBot,DEFEAT,0,6
0413,RandomBot,DEFEAT,0,4
0414,RandomBot,DEFEAT,0,3
0415,RandomBot,DEFEAT,0,3
0416,RandomBot,DEFEAT,0,4
0417,RandomBot,DEFEAT,0,2
0418,RandomBot,DEFEAT,0,2
0419,RandomBot,DEFEAT,0,11
0420,RandomBot,DEFEAT,0,5
0421,RandomBot,DEFEAT,0,3
0422,RandomBot,DEFEAT,0,6
0423,RandomBot,DEFEAT,0,4
0424,RandomBot,DEFEAT,0,5
0425,RandomBot,DEFEAT,0,7
0426,RandomBot,DEFEAT,0,4
0427,RandomBot,DEFEAT,0,2
0428,RandomBot,DEFEAT,0,6
0429,RandomBot,DEFEAT,0,4
0430,RandomBot,DEFEAT,0,2
0431,RandomBot,DEFEAT,1,9
0432,RandomBot,DEFEAT,0,3
0433,RandomBot,DEFEAT,0,4
0434,RandomBot,DEFEAT,0,3
0435,RandomBot,DEFEAT,0,9
0436,RandomBot,DEFEAT,0,8
0437,RandomBot,DEFEAT,0,9
0438,RandomBot,DEFEAT,0,7
0439,RandomBot,DEFEAT,0,4
0440,RandomBot,DEFEAT,0,2
0441,RandomBot,DEFEAT,0,9
0442,RandomBot,DEFEAT,0,7
0443,RandomBot,DEFEAT,0,2
0444,RandomBot,DEFEAT,0,3
0445,RandomBot,DEFEAT,0,5
0446,RandomBot,DEFEAT,0,5
0447,RandomBot,DEFEAT,0,8
0448,RandomBot,DEFEAT,1,9
0449,RandomBot,DEFEAT,0,3
0450,RandomBot,DEFEAT,0,3
0451,RandomBot,DEFEAT,0,11
0452,RandomBot,DEFEAT,0,6
0453,RandomBot,DEFEAT,0,2
0454,RandomBot,DEFEAT,0,2
0455,RandomBot,DEFEAT,0,8
0456,RandomBot,DEFEAT,0,2
0457,RandomBot,DEFEAT,0,4
0458,RandomBot,DEFEAT,0,5
0459,RandomBot,DEFEAT,0,5
0460,RandomBot,DEFEAT,0,7
0461,RandomBot,DEFEAT,0,2
0462,RandomBot,DEFEAT,0,6
0463,RandomBot,DEFEAT,0,6
0464,RandomBot,DEFEAT,0,3
0465,RandomBot,DEFEAT,0,2
0466,RandomBot,DEFEAT,0,4
0467,RandomBot,DEFEAT,0,2
0468,RandomBot,DEFEAT,0,9
0469,RandomBot,DEFEAT,0,3
0470,RandomBot,DEFEAT,0,3
0471,RandomBot,DEFEAT,0,4
0472,RandomBot,DEFEAT,0,11
0473,RandomBot,DEFEAT,0,3
0474,RandomBot,DEFEAT,0,3
0475,RandomBot,DEFEAT,0,3
0476,RandomBot,DEFEAT,0,4
0477,RandomBot,DEFEAT,0,6
0478,RandomBot,DEFEAT,0,2
0479,RandomBot,DEFEAT,0,3
0480,RandomBot,DEFEAT,0,8
0481,RandomBot,DEFEAT,0,3
0482,RandomBot,DEFEAT,0,3
0483,RandomBot,DEFEAT,0,1
0484,RandomBot,DEFEAT,0,4
0485,RandomBot,DEFEAT,0,3
0486,RandomBot,DEFEAT,0,2
0487,RandomBot,DEFEAT,0,4
0488,RandomBot,DEFEAT,0,2
0489,RandomBot,DEFEAT,0,2
0490,RandomBot,DEFEAT,0,6
0491,RandomBot,DEFEAT,0,10
0492,RandomBot,DEFEAT,0,2
0493,RandomBot,DEFEAT,0,2
0494,RandomBot,DEFEAT,0,4
0495,RandomBot,DEFEAT,1,5
0496,RandomBot,DEFEAT,0,1
0497,RandomBot,DEFEAT,0,1
0498,RandomBot,DEFEAT,0,7
0499,RandomBot,DEFEAT,0,8
0500,RandomBot,DEFEAT,0,1
0501,RandomBot,DEFEAT,0,2
0502,RandomBot,DEFEAT,0,1
0503,RandomBot,DEFEAT,0,5
0504,RandomBot,DEFEAT,0,9
0505,RandomBot,DEFEAT,0,4
0506,RandomBot,DEFEAT,0,6
0507,RandomBot,DEFEAT,0,3
0508,RandomBot,DEFEAT,0,3
0509,RandomBot,DEFEAT,0,3
0510,RandomBot,DEFEAT,0,2
0511,RandomBot,DEFEAT,0,2
0512,RandomBot,DEFEAT,0,3
0513,RandomBot,DEFEAT,0,8
0514,RandomBot,DEFEAT,0,6
0515,RandomBot,DEFEAT,0,7
0516,RandomBot,DEFEAT,0,3
0517,RandomBot,DEFEAT,0,3
0518,RandomBot,DEFEAT,0,3
0519,RandomBot,DEFEAT,0,6
0520,RandomBot,DEFEAT,0,5
0521,RandomBot,DEFEAT,0,7
0522,RandomBot,DEFEAT,0,2
0523,RandomBot,DEFEAT,0,1
0524,RandomBot,DEFEAT,0,3
0525,RandomBot,DEFEAT,0,3
0526,RandomBot,DEFEAT,0,2
0527,RandomBot,DEFEAT,0,1
0528,RandomBot,DEFEAT,0,5
0529,RandomBot,DEFEAT,0,4
0530,RandomBot,DEFEAT,0,5
0531,RandomBot,DEFEAT,0,6
0532,RandomBot,DEFEAT,0,8
0533,RandomBot,DEFEAT,0,3
0534,RandomBot,DEFEAT,0,6
0535,RandomBot,DEFEAT,0,7
0536,RandomBot,DEFEAT,0,5
0537,RandomBot,DEFEAT,0,1
0538,RandomBot,DEFEAT,0,1
0539,RandomBot,DEFEAT,0,3
0540,RandomBot,DEFEAT,0,8
0541,RandomBot,DEFEAT,0,6
0542,RandomBot,DEFEAT,0,2
0543,RandomBot,DEFEAT,0,1
0544,RandomBot,DEFEAT,1,3
0545,RandomBot,VICTORY,0,2
0546,RandomBot,DEFEAT,0,7
0547,RandomBot,DEFEAT,0,2
0548,RandomBot,DEFEAT,0,7
0549,RandomBot,DEFEAT,0,2
0550,RandomBot,DEFEAT,0,5
0551,RandomBot,DEFEAT,0,2
0552,RandomBot,DEFEAT,0,2
0553,RandomBot,DEFEAT,0,5
0554,RandomBot,DEFEAT,0,3
0555,RandomBot,DEFEAT,0,2
0556,RandomBot,VICTORY,0,2
0557,RandomBot,DEFEAT,0,4
0558,RandomBot,DEFEAT,0,6
0559,RandomBot,DEFEAT,0,2
0560,RandomBot,DEFEAT,0,2
0561,RandomBot,DEFEAT,1,3
0562,RandomBot,DEFEAT,0,2
0563,RandomBot,DEFEAT,0,8
0564,RandomBot,DEFEAT,0,4
0565,RandomBot,DEFEAT,0,3
0566,RandomBot,DEFEAT,0,9
0567,RandomBot,DEFEAT,0,7
0568,RandomBot,DEFEAT,0,5
0569,RandomBot,DEFEAT,0,2
0570,RandomBot,DEFEAT,0,4
0571,RandomBot,DEFEAT,0,4
0572,RandomBot,DEFEAT,0,1
0573,RandomBot,DEFEAT,0,5
0574,RandomBot,DEFEAT,0,2
0575,RandomBot,DEFEAT,0,2
0576,RandomBot,DEFEAT,0,3
0577,RandomBot,DEFEAT,0,9
0578,RandomBot,DEFEAT,0,4
0579,RandomBot,DEFEAT,0,5
0580,RandomBot,DEFEAT,0,6
0581,RandomBot,DEFEAT,0,2
0582,RandomBot,DEFEAT,0,6
0583,RandomBot,DEFEAT,0,1
0584,RandomBot,DEFEAT,0,5
0585,RandomBot,DEFEAT,0,2
0586,RandomBot,DEFEAT,0,4
0587,RandomBot,DEFEAT,0,3
0588,RandomBot,DEFEAT,0,9
0589,RandomBot,DEFEAT,0,7
0590,RandomBot,DEFEAT,0,5
0591,RandomBot,DEFEAT,0,4
0592,RandomBot,DEFEAT,0,4
0593,RandomBot,DEFEAT,0,5
0594,RandomBot,DEFEAT,0,3
0595,RandomBot,DEFEAT,0,5
0596,RandomBot,DEFEAT,0,6
0597,RandomBot,DEFEAT,0,1
0598,RandomBot,DEFEAT,0,3
0599,RandomBot,DEFEAT,0,6
0600,RandomBot,DEFEAT,0,8
0601,RandomBot,DEFEAT,0,4
0602,RandomBot,DEFEAT,0,2
0603,RandomBot,DEFEAT,0,5
0604,RandomBot,DEFEAT,0,2
0605,RandomBot,DEFEAT,0,3
0606,RandomBot,DEFEAT,0,8
0607,RandomBot,DEFEAT,0,3
0608,RandomBot,DEFEAT,0,8
0609,RandomBot,DEFEAT,0,4
0610,RandomBot,DEFEAT,0,2
0611,RandomBot,DEFEAT,0,3
0612,RandomBot,DEFEAT,0,5
0613,RandomBot,DEFEAT,0,2
0614,RandomBot,DEFEAT,0,3
0615,RandomBot,DEFEAT,0,5
0616,RandomBot,DEFEAT,0,9
0617,RandomBot,DEFEAT,0,1
0618,RandomBot,DEFEAT,0,3
0619,RandomBot,DEFEAT,0,4
0620,RandomBot,DEFEAT,0,3
0621,RandomBot,DEFEAT,0,5
0622,RandomBot,DEFEAT,1,3
0623,RandomBot,DEFEAT,0,4
0624,RandomBot,DEFEAT,0,5
0625,RandomBot,DEFEAT,0,2
0626,RandomBot,DEFEAT,0,5
0627,RandomBot,DEFEAT,0,2
0628,RandomBot,DEFEAT,0,12
0629,RandomBot,DEFEAT,0,3
0630,RandomBot,DEFEAT,0,7
0631,RandomBot,DEFEAT,0,3
0632,RandomBot,DEFEAT,0,3
0633,RandomBot,DEFEAT,0,8
0634,RandomBot,DEFEAT,0,3
0635,RandomBot,DEFEAT,0,3
0636,RandomBot,DEFEAT,0,2
0637,RandomBot,DEFEAT,0,4
0638,RandomBot,DEFEAT,0,5
0639,RandomBot,VICTORY,0,3
0640,RandomBot,DEFEAT,0,2
0641,RandomBot,DEFEAT,0,2
0642,RandomBot,DEFEAT,0,4
0643,RandomBot,DEFEAT,0,2
0644,RandomBot,DEFEAT,0,1
0645,RandomBot,DEFEAT,0,4
0646,RandomBot,DEFEAT,0,6
0647,RandomBot,DEFEAT,0,9
0648,RandomBot,DEFEAT,0,3
0649,RandomBot,DEFEAT,0,2
0650,RandomBot,DEFEAT,0,3
0651,RandomBot,DEFEAT,0,3
0652,RandomBot,DEFEAT,0,2
0653,RandomBot,DEFEAT,0,5
0654,RandomBot,DEFEAT,0,2
0655,RandomBot,DEFEAT,1,7
0656,RandomBot,DEFEAT,0,3
0657,RandomBot,DEFEAT,0,5
0658,RandomBot,DEFEAT,0,3
0659,RandomBot,DEFEAT,0,7
0660,RandomBot,DEFEAT,0,4
0661,RandomBot,DEFEAT,0,2
0662,RandomBot,DEFEAT,0,5
0663,RandomBot,DEFEAT,0,4
0664,RandomBot,DEFEAT,0,2
0665,RandomBot,DEFEAT,0,3
0666,RandomBot,DEFEAT,0,3
0667,RandomBot,DEFEAT,0,4
0668,RandomBot,DEFEAT,0,4
0669,RandomBot,DEFEAT,0,3
0670,RandomBot,DEFEAT,0,8
0671,RandomBot,DEFEAT,0,2
0672,RandomBot,DEFEAT,0,9
0673,RandomBot,DEFEAT,0,9
0674,RandomBot,DEFEAT,0,5
0675,RandomBot,DEFEAT,0,2
0676,RandomBot,DEFEAT,0,4
0677,RandomBot,DEFEAT,0,5
0678,RandomBot,DEFEAT,0,4
0679,RandomBot,DEFEAT,0,6
0680,RandomBot,DEFEAT,0,3
0681,RandomBot,DEFEAT,0,9
0682,RandomBot,DEFEAT,0,1
0683,RandomBot,DEFEAT,0,3
0684,RandomBot,DEFEAT,0,2
0685,RandomBot,DEFEAT,0,6
0686,RandomBot,DEFEAT,0,6
0687,RandomBot,DEFEAT,0,2
0688,RandomBot,DEFEAT,0,2
0689,RandomBot,DEFEAT,0,5
0690,RandomBot,DEFEAT,0,5
0691,RandomBot,DEFEAT,0,6
0692,RandomBot,DEFEAT,0,3
0693,RandomBot,DEFEAT,0,2
0694,RandomBot,DEFEAT,0,6
0695,RandomBot,DEFEAT,0,6
0696,RandomBot,DEFEAT,0,3
0697,RandomBot,DEFEAT,0,1
0698,RandomBot,DEFEAT,0,15
0699,RandomBot,DEFEAT,0,3
0700,RandomBot,DEFEAT,0,4
0701,RandomBot,DEFEAT,0,5
0702,RandomBot,DEFEAT,0,2
0703,RandomBot,DEFEAT,0,11
0704,RandomBot,DEFEAT,0,8
0705,RandomBot,DEFEAT,0,3
0706,RandomBot,DEFEAT,0,3
0707,RandomBot,DEFEAT,0,2
0708,RandomBot,DEFEAT,0,2
0709,RandomBot,DEFEAT,0,2
0710,RandomBot,DEFEAT,0,4
0711,RandomBot,DEFEAT,0,2
0712,RandomBot,DEFEAT,0,4
0713,RandomBot,DEFEAT,0,6
0714,RandomBot,DEFEAT,0,5
0715,RandomBot,DEFEAT,1,4
0716,RandomBot,DEFEAT,0,3
0717,RandomBot,DEFEAT,0,7
0718,RandomBot,DEFEAT,0,6
0719,RandomBot,DEFEAT,0,4
0720,RandomBot,DEFEAT,0,5
0721,RandomBot,DEFEAT,0,9
0722,RandomBot,DEFEAT,0,9
0723,RandomBot,DEFEAT,0,4
0724,RandomBot,DEFEAT,0,5
0725,RandomBot,DEFEAT,0,3
0726,RandomBot,DEFEAT,0,2
0727,RandomBot,DEFEAT,0,7
0728,RandomBot,DEFEAT,0,2
0729,RandomBot,DEFEAT,0,4
0730,RandomBot,DEFEAT,0,2
0731,RandomBot,DEFEAT,0,3
0732,RandomBot,DEFEAT,0,7
0733,RandomBot,DEFEAT,0,5
0734,RandomBot,DEFEAT,0,2
0735,RandomBot,DEFEAT,0,2
0736,RandomBot,DEFEAT,0,2
0737,RandomBot,DEFEAT,0,4
0738,RandomBot,DEFEAT,0,4
0739,RandomBot,DEFEAT,0,4
0740,RandomBot,DEFEAT,0,1
0741,RandomBot,DEFEAT,0,2
0742,RandomBot,DEFEAT,0,9
0743,RandomBot,DEFEAT,0,2
0744,RandomBot,DEFEAT,0,2
0745,RandomBot,DEFEAT,0,5
0746,RandomBot,DEFEAT,0,1
0747,RandomBot,DEFEAT,0,4
0748,RandomBot,DEFEAT,0,3
0749,RandomBot,DEFEAT,0,7
0750,RandomBot,DEFEAT,0,5
0751,RandomBot,DEFEAT,0,1
0752,RandomBot,DEFEAT,0,2
0753,RandomBot,DEFEAT,0,6
0754,RandomBot,DEFEAT,0,10
0755,RandomBot,DEFEAT,0,2
0756,RandomBot,DEFEAT,0,6
0757,RandomBot,DEFEAT,0,6
0758,RandomBot,DEFEAT,0,2
0759,RandomBot,DEFEAT,0,3
0760,RandomBot,DEFEAT,0,9
0761,RandomBot,DEFEAT,0,5
0762,RandomBot,DEFEAT,0,3
0763,RandomBot,DEFEAT,0,11
0764,RandomBot,DEFEAT,0,5
0765,RandomBot,DEFEAT,0,5
0766,RandomBot,DEFEAT,0,1
0767,RandomBot,DEFEAT,0,5
0768,RandomBot,DEFEAT,0,8
0769,RandomBot,DEFEAT,0,2
0770,RandomBot,DEFEAT,0,8
0771,RandomBot,DEFEAT,0,3
0772,RandomBot,DEFEAT,0,6
0773,RandomBot,DEFEAT,0,2
0774,RandomBot,DEFEAT,0,4
0775,RandomBot,DEFEAT,0,3
0776,RandomBot,DEFEAT,0,6
0777,RandomBot,DEFEAT,0,9
0778,RandomBot,DEFEAT,0,5
0779,RandomBot,DEFEAT,0,2
0780,RandomBot,DEFEAT,0,7
0781,RandomBot,DEFEAT,0,2
0782,RandomBot,DEFEAT,0,2
0783,RandomBot,DEFEAT,0,8
0784,RandomBot,DEFEAT,0,1
0785,RandomBot,DEFEAT,0,9
0786,RandomBot,DEFEAT,0,7
0787,RandomBot,DEFEAT,0,12
0788,RandomBot,DEFEAT,0,8
0789,RandomBot,DEFEAT,0,2
0790,RandomBot,DEFEAT,0,3
0791,RandomBot,DEFEAT,0,2
0792,RandomBot,DEFEAT,0,2
0793,RandomBot,DEFEAT,0,2
0794,RandomBot,DEFEAT,0,4
0795,RandomBot,DEFEAT,0,3
0796,RandomBot,DEFEAT,0,2
0797,RandomBot,DEFEAT,0,2
0798,RandomBot,DEFEAT,0,2
0799,RandomBot,DEFEAT,0,5
0800,RandomBot,DEFEAT,0,6
0801,RandomBot,DEFEAT,0,3
0802,RandomBot,DEFEAT,0,5
0803,RandomBot,DEFEAT,0,2
0804,RandomBot,DEFEAT,1,4
0805,RandomBot,DEFEAT,0,4
0806,RandomBot,DEFEAT,0,3
0807,RandomBot,DEFEAT,0,1
0808,RandomBot,DEFEAT,0,3
0809,RandomBot,DEFEAT,0,6
0810,RandomBot,DEFEAT,0,2
0811,RandomBot,DEFEAT,0,3
0812,RandomBot,DEFEAT,0,6
0813,RandomBot,DEFEAT,0,5
0814,RandomBot,DEFEAT,0,2
0815,RandomBot,DEFEAT,0,6
0816,RandomBot,DEFEAT,0,7
0817,RandomBot,DEFEAT,0,4
0818,RandomBot,DEFEAT,0,4
0819,RandomBot,DEFEAT,0,3
0820,RandomBot,DEFEAT,0,3
0821,RandomBot,DEFEAT,0,2
0822,RandomBot,DEFEAT,0,4
0823,RandomBot,DEFEAT,0,4
0824,RandomBot,DEFEAT,0,2
0825,RandomBot,DEFEAT,0,4
0826,RandomBot,DEFEAT,0,8
0827,RandomBot,DEFEAT,0,5
0828,RandomBot,DEFEAT,0,4
0829,RandomBot,DEFEAT,0,5
0830,RandomBot,DEFEAT,0,10
0831,RandomBot,DEFEAT,0,4
0832,RandomBot,DEFEAT,0,3
0833,RandomBot,DEFEAT,1,9
0834,RandomBot,DEFEAT,0,3
0835,RandomBot,DEFEAT,0,2
0836,RandomBot,DEFEAT,0,6
0837,RandomBot,DEFEAT,0,5
0838,RandomBot,DEFEAT,0,5
0839,RandomBot,DEFEAT,0,4
0840,RandomBot,DEFEAT,0,4
0841,RandomBot,DEFEAT,0,3
0842,RandomBot,DEFEAT,0,4
0843,RandomBot,DEFEAT,0,7
0844,RandomBot,DEFEAT,0,17
0845,RandomBot,VICTORY,0,3
0846,RandomBot,DEFEAT,0,3
0847,RandomBot,DEFEAT,0,2
0848,RandomBot,DEFEAT,0,7
0849,RandomBot,DEFEAT,0,3
0850,RandomBot,DEFEAT,0,4
0851,RandomBot,DEFEAT,0,3
0852,RandomBot,DEFEAT,0,2
0853,RandomBot,DEFEAT,0,2
0854,RandomBot,DEFEAT,0,5
0855,RandomBot,DEFEAT,0,4
0856,RandomBot,DEFEAT,0,1
0857,RandomBot,DEFEAT,0,4
0858,RandomBot,DEFEAT,0,2
0859,RandomBot,DEFEAT,0,4
0860,RandomBot,DEFEAT,0,2
0861,RandomBot,DEFEAT,0,4
0862,RandomBot,DEFEAT,0,1
0863,RandomBot,DEFEAT,0,5
0864,RandomBot,DEFEAT,0,2
0865,RandomBot,DEFEAT,1,4
0866,RandomBot,DEFEAT,0,6
0867,RandomBot,DEFEAT,0,3
0868,RandomBot,DEFEAT,0,6
0869,RandomBot,DEFEAT,0,2
0870,RandomBot,DEFEAT,0,4
0871,RandomBot,DEFEAT,0,6
0872,RandomBot,DEFEAT,0,4
0873,RandomBot,DEFEAT,0,3
0874,RandomBot,DEFEAT,0,7
0875,RandomBot,DEFEAT,0,3
0876,RandomBot,DEFEAT,0,3
0877,RandomBot,DEFEAT,0,3
0878,RandomBot,DEFEAT,0,11
0879,RandomBot,DEFEAT,0,7
0880,RandomBot,DEFEAT,0,3
0881,RandomBot,DEFEAT,0,4
0882,RandomBot,DEFEAT,0,6
0883,RandomBot,DEFEAT,0,2
0884,RandomBot,DEFEAT,0,8
0885,RandomBot,DEFEAT,0,4
0886,RandomBot,DEFEAT,0,3
0887,RandomBot,DEFEAT,0,1
0888,RandomBot,DEFEAT,0,4
0889,RandomBot,DEFEAT,0,3
0890,RandomBot,DEFEAT,0,1
0891,RandomBot,DEFEAT,0,2
0892,RandomBot,DEFEAT,0,5
0893,RandomBot,DEFEAT,1,4
0894,RandomBot,DEFEAT,0,6
0895,RandomBot,DEFEAT,0,1
0896,RandomBot,DEFEAT,0,5
0897,RandomBot,DEFEAT,0,3
0898,RandomBot,DEFEAT,0,3
0899,RandomBot,DEFEAT,0,2
0900,RandomBot,DEFEAT,0,2
0901,RandomBot,DEFEAT,0,1
0902,RandomBot,DEFEAT,0,4
0903,RandomBot,DEFEAT,0,5
0904,RandomBot,VICTORY,1,12
0905,RandomBot,DEFEAT,0,12
0906,RandomBot,DEFEAT,0,2
0907,RandomBot,DEFEAT,0,4
0908,RandomBot,DEFEAT,0,3
0909,RandomBot,DEFEAT,0,5
0910,RandomBot,DEFEAT,0,3
0911,RandomBot,DEFEAT,0,4
0912,RandomBot,DEFEAT,0,3
0913,RandomBot,DEFEAT,0,3
0914,RandomBot,DEFEAT,0,1
0915,RandomBot,DEFEAT,0,3
0916,RandomBot,DEFEAT,0,8
0917,RandomBot,DEFEAT,0,3
0918,RandomBot,DEFEAT,0,1
0919,RandomBot,DEFEAT,0,5
0920,RandomBot,DEFEAT,0,4
0921,RandomBot,DEFEAT,0,1
0922,RandomBot,DEFEAT,0,2
0923,RandomBot,DEFEAT,0,2
0924,RandomBot,DEFEAT,0,5
0925,RandomBot,DEFEAT,0,3
0926,RandomBot,DEFEAT,0,5
0927,RandomBot,DEFEAT,0,6
0928,RandomBot,DEFEAT,0,2
0929,RandomBot,DEFEAT,0,5
0930,RandomBot,DEFEAT,0,1
0931,RandomBot,DEFEAT,0,1
0932,RandomBot,DEFEAT,0,4
0933,RandomBot,DEFEAT,0,1
0934,RandomBot,DEFEAT,0,3
0935,RandomBot,DEFEAT,0,3
0936,RandomBot,DEFEAT,0,5
0937,RandomBot,DEFEAT,0,2
0938,RandomBot,DEFEAT,0,10
0939,RandomBot,DEFEAT,0,7
0940,RandomBot,DEFEAT,0,2
0941,RandomBot,DEFEAT,0,3
0942,RandomBot,DEFEAT,0,2
0943,RandomBot,DEFEAT,0,1
0944,RandomBot,DEFEAT,0,1
0945,RandomBot,DEFEAT,0,3
0946,RandomBot,DEFEAT,0,3
0947,RandomBot,DEFEAT,0,4
0948,RandomBot,DEFEAT,0,3
0949,RandomBot,DEFEAT,0,2
0950,RandomBot,DEFEAT,0,2
0951,RandomBot,DEFEAT,0,1
0952,RandomBot,DEFEAT,0,2
0953,RandomBot,DEFEAT,0,3
0954,RandomBot,DEFEAT,0,1
0955,RandomBot,DEFEAT,0,6
0956,RandomBot,DEFEAT,0,6
0957,RandomBot,DEFEAT,0,1
0958,RandomBot,DEFEAT,0,11
0959,RandomBot,DEFEAT,0,3
0960,RandomBot,DEFEAT,0,3
0961,RandomBot,DEFEAT,0,6
0962,RandomBot,DEFEAT,0,2
0963,RandomBot,DEFEAT,0,2
0964,RandomBot,DEFEAT,0,3
0965,RandomBot,DEFEAT,0,2
0966,RandomBot,DEFEAT,0,3
0967,RandomBot,DEFEAT,0,8
0968,RandomBot,DEFEAT,0,1
0969,RandomBot,DEFEAT,0,10
0970,RandomBot,DEFEAT,0,5
0971,RandomBot,DEFEAT,0,2
0972,RandomBot,DEFEAT,1,2
0973,RandomBot,DEFEAT,0,2
0974,RandomBot,DEFEAT,0,5
0975,RandomBot,VICTORY,0,1
0976,RandomBot,DEFEAT,0,5
0977,RandomBot,DEFEAT,0,1
0978,RandomBot,DEFEAT,0,8
0979,RandomBot,DEFEAT,0,8
0980,RandomBot,DEFEAT,0,2
0981,RandomBot,DEFEAT,0,1
0982,RandomBot,DEFEAT,0,3
0983,RandomBot,DEFEAT,0,4
0984,RandomBot,DEFEAT,0,4
0985,RandomBot,DEFEAT,0,3
0986,RandomBot,DEFEAT,0,9
0987,RandomBot,DEFEAT,0,4
0988,RandomBot,DEFEAT,0,2
0989,RandomBot,DEFEAT,0,11
0990,RandomBot,DEFEAT,0,1
0991,RandomBot,DEFEAT,0,3
0992,RandomBot,DEFEAT,0,2
0993,RandomBot,DEFEAT,0,2
0994,RandomBot,DEFEAT,0,5
0995,RandomBot,DEFEAT,0,10
0996,RandomBot,DEFEAT,0,2
0997,RandomBot,DEFEAT,0,7
0998,RandomBot,DEFEAT,0,6
0999,RandomBot,DEFEAT,0,4
1000,RandomBot,DEFEAT,0,2
